{"directorios": {
    "inventory": [
        {
            "quantity": 3,
            "date": "2019-03-01",
            "id": 1
        },
        {
            "quantity": 3,
            "date": "2019-03-01",
            "id": 2
        },
        {
            "quantity": 7,
            "date": "2019-03-01",
            "id": 3
        },
        {
            "quantity": 8,
            "date": "2019-03-01",
            "id": 4
        },
        {
            "quantity": 10,
            "date": "2019-03-01",
            "id": 5
        },
        {
            "quantity": 15,
            "date": "2019-03-01",
            "id": 6
        },
        {
            "quantity": 26,
            "date": "2019-03-01",
            "id": 7
        },
        {
            "quantity": 11,
            "date": "2019-03-01",
            "id": 8
        },
        {
            "quantity": 1,
            "date": "2019-03-01",
            "id": 9
        },
        {
            "quantity": 8,
            "date": "2019-03-01",
            "id": 10
        },
        {
            "quantity": 7,
            "date": "2019-03-01",
            "id": 11
        },
        {
            "quantity": 8,
            "date": "2019-03-01",
            "id": 12
        },
        {
            "quantity": 2,
            "date": "2019-03-01",
            "id": 13
        },
        {
            "quantity": 1,
            "date": "2019-03-01",
            "id": 14
        },
        {
            "quantity": 1,
            "date": "2019-03-01",
            "id": 15
        },
        {
            "quantity": 9,
            "date": "2019-03-01",
            "id": 16
        },
        {
            "quantity": 17,
            "date": "2019-03-01",
            "id": 17
        },
        {
            "quantity": 8,
            "date": "2019-03-01",
            "id": 18
        },
        {
            "quantity": 9,
            "date": "2019-03-01",
            "id": 19
        },
        {
            "quantity": 9,
            "date": "2019-03-01",
            "id": 20
        },
        {
            "quantity": 3,
            "date": "2019-03-01",
            "id": 21
        },
        {
            "quantity": 6,
            "date": "2019-03-01",
            "id": 22
        },
        {
            "quantity": 9,
            "date": "2019-03-01",
            "id": 23
        },
        {
            "quantity": 9,
            "date": "2019-03-01",
            "id": 24
        },
        {
            "quantity": 10,
            "date": "2019-03-01",
            "id": 25
        },
        {
            "quantity": 40,
            "date": "2019-03-01",
            "id": 26
        },
        {
            "quantity": 2,
            "date": "2019-03-01",
            "id": 27
        },
        {
            "quantity": 3,
            "date": "2019-03-01",
            "id": 28
        },
        {
            "quantity": 2,
            "date": "2019-03-01",
            "id": 29
        },
        {
            "quantity": 1,
            "date": "2019-03-01",
            "id": 30
        },
        {
            "quantity": 9,
            "date": "2019-03-01",
            "id": 31
        },
        {
            "quantity": 10,
            "date": "2019-03-01",
            "id": 32
        },
        {
            "quantity": 2,
            "date": "2019-03-01",
            "id": 33
        },
        {
            "quantity": 3,
            "date": "2019-03-01",
            "id": 34
        },
        {
            "quantity": 3,
            "date": "2019-03-01",
            "id": 35
        },
        {
            "quantity": 6,
            "date": "2019-03-01",
            "id": 36
        }
    ]
}}