{"directorios": {
    "orders": [
        {
            "id": 1,
            "priority": 1,
            "address": "KR 14 # 87 - 20 ",
            "user": "Sofia",
            "productsid": 1,
                    "name": "Leche",
                    "quantity": 1,
					"deliveryDate": "2019-03-01"
                },
                {
				"id": 1,
            "priority": 1,
            "address": "KR 14 # 87 - 20 ",
            "user": "Sofia",
                    "productsid": 2,
                    "name": "Huevos",
                    "quantity": 21,
					"deliveryDate": "2019-03-01"
                },
                {
				"id": 1,
            "priority": 1,
            "address": "KR 14 # 87 - 20 ",
            "user": "Sofia",
                    "productsid": 37,
                    "name": "Pan Bimbo",
                    "quantity": 7,
					"deliveryDate": "2019-03-01"
                },
                {
				"id": 1,
            "priority": 1,
            "address": "KR 14 # 87 - 20 ",
            "user": "Sofia",
                    "productsid": 3,
                    "name": "Manzana Verde",
                    "quantity": 10,
					"deliveryDate": "2019-03-01"
                },
                {
				"id": 1,
            "priority": 1,
            "address": "KR 14 # 87 - 20 ",
            "user": "Sofia",
                    "productsid": 4,
                    "name": "Pepino Cohombro",
                    "quantity": 5,
					"deliveryDate": "2019-03-01"
                },
        {
            "id": 2,
            "priority": 1,
            "address": "KR 20 # 164A - 5 ",
            "user": "Angel",
            "productsid": 5,
                    "name": "Piment\u00f3n Rojo",
                    "quantity": 100,
            "deliveryDate": "2019-03-01"
                },
                {
				"id": 2,
            "priority": 1,
            "address": "KR 20 # 164A - 5 ",
            "user": "Angel",
                    "productsid": 6,
                    "name": "Kiwi",
                    "quantity": 60,
            "deliveryDate": "2019-03-01"
                
        },
        {
            "id": 3,
            "priority": 3,
            "address": "KR 13 # 74 - 38 ",
            "user": "Hocks",
            "productsid": 7,
                    "name": "Cebolla Cabezona Blanca Limpia",
                    "quantity": 4,
            "deliveryDate": "2019-03-01"
                },
                {
				"id": 3,
            "priority": 3,
            "address": "KR 13 # 74 - 38 ",
            "user": "Hocks",
                    "productsid": 8,
                    "name": "Habichuela",
                    "quantity": 3,
            "deliveryDate": "2019-03-01"
                },
                {
				"id": 3,
            "priority": 3,
            "address": "KR 13 # 74 - 38 ",
            "user": "Hocks",
                    "productsid": 9,
                    "name": "Mango Tommy Maduro",
                    "quantity": 4,
            "deliveryDate": "2019-03-01"
                },
                {
				"id": 3,
            "priority": 3,
            "address": "KR 13 # 74 - 38 ",
            "user": "Hocks",
                    "productsid": 10,
                    "name": "Tomate Chonto Pint\u00f3n",
                    "quantity": 8,
            "deliveryDate": "2019-03-01"
                },
                {
				"id": 3,
            "priority": 3,
            "address": "KR 13 # 74 - 38 ",
            "user": "Hocks",
                    "productsid": 11,
                    "name": "Zanahoria Grande",
                    "quantity": 5,
            "deliveryDate": "2019-03-01"
                
        },
        {
            "id": 4,
            "priority": 1,
            "address": "CL 93 # 12 - 9 ",
            "user": "Michael",
            "productsid": 12,
                    "name": "Aguacate Maduro",
                    "quantity": 3,
            "deliveryDate": "2019-03-01"
                },
                {
				"id": 4,
            "priority": 1,
            "address": "CL 93 # 12 - 9 ",
            "user": "Michael",
                    "productsid": 13,
                    "name": "Kale o Col Rizada",
                    "quantity": 2,
            "deliveryDate": "2019-03-01"
                },
                {
				"id": 4,
            "priority": 1,
            "address": "CL 93 # 12 - 9 ",
            "user": "Michael",
                    "productsid": 14,
                    "name": "Cebolla Cabezona Roja Limpia",
                    "quantity": 4,
            "deliveryDate": "2019-03-01"
                },
                {
				"id": 4,
            "priority": 1,
            "address": "CL 93 # 12 - 9 ",
            "user": "Michael",
                    "productsid": 4,
                    "name": "Pepino Cohombro",
                    "quantity": 2,
            "deliveryDate": "2019-03-01"
                },
                {
				"id": 4,
            "priority": 1,
            "address": "CL 93 # 12 - 9 ",
            "user": "Michael",
                    "productsid": 15,
                    "name": "Tomate Chonto Maduro",
                    "quantity": 3,
            "deliveryDate": "2019-03-01"
                
        },
        {
            "id": 5,
            "priority": 1,
            "address": "CL 71 # 3 - 74 ",
            "user": "Bar de Alex",
            "productsid": 16,
                    "name": "Acelga",
                    "quantity": 1500,
            "deliveryDate": "2019-03-01"
                
        },
        {
            "id": 6,
            "priority": 2,
            "address": "KR 20 # 134A - 5 ",
            "user": "Sabor Criollo",
            "productsid": 17,
                    "name": "Espinaca Bogotana x 500grs",
                    "quantity": 2,
            "deliveryDate": "2019-03-01"
                },
                {
				"id": 6,
            "priority": 2,
            "address": "KR 20 # 134A - 5 ",
            "user": "Sabor Criollo",
                    "productsid": 18,
                    "name": "Ahuyama",
                    "quantity": 3,
            "deliveryDate": "2019-03-01"
                },
                {
				"id": 6,
            "priority": 2,
            "address": "KR 20 # 134A - 5 ",
            "user": "Sabor Criollo",
                    "productsid": 15,
                    "name": "Tomate Chonto Maduro",
                    "quantity": 2,
            "deliveryDate": "2019-03-01"
                },
                {
				"id": 6,
            "priority": 2,
            "address": "KR 20 # 134A - 5 ",
            "user": "Sabor Criollo",
                    "productsid": 19,
                    "name": "Cebolla Cabezona Blanca Sin Pelar",
                    "quantity": 2,
            "deliveryDate": "2019-03-01"
                },
                {
				"id": 6,
            "priority": 2,
            "address": "KR 20 # 134A - 5 ",
            "user": "Sabor Criollo",
                    "productsid": 20,
                    "name": "Mel\u00f3n",
                    "quantity": 3,
            "deliveryDate": "2019-03-01"
                
        },
        {
            "id": 7,
            "priority": 2,
            "address": "CL 80 # 14 - 38 ",
            "user": "El Pollo Rojo",
            "productsid": 21,
                    "name": "Cebolla Cabezona Roja Sin Pelar",
                    "quantity": 3,
            "deliveryDate": "2019-03-01"
                },
                {
				"id": 7,
            "priority": 2,
            "address": "CL 80 # 14 - 38 ",
            "user": "El Pollo Rojo",
                    "productsid": 22,
                    "name": "Cebolla Larga Junca x 500grs",
                    "quantity": 2,
            "deliveryDate": "2019-03-01"
                },
                {
				"id": 7,
            "priority": 2,
            "address": "CL 80 # 14 - 38 ",
            "user": "El Pollo Rojo",
                    "productsid": 23,
                    "name": "Hierbabuena x 500grs",
                    "quantity": 2,
            "deliveryDate": "2019-03-01"
                },
                {
				"id": 7,
            "priority": 2,
            "address": "CL 80 # 14 - 38 ",
            "user": "El Pollo Rojo",
                    "productsid": 39,
                    "name": "Lechuga Crespa Morada",
                    "quantity": 4,
            "deliveryDate": "2019-03-01"
                },
                {
				"id": 7,
            "priority": 2,
            "address": "CL 80 # 14 - 38 ",
            "user": "El Pollo Rojo",
                    "productsid": 24,
                    "name": "Lechuga Crespa Verde",
                    "quantity": 15,
            "deliveryDate": "2019-03-01"
                
        },
        {
            "id": 8,
            "priority": 7,
            "address": "KR 14 # 98 - 74 ",
            "user": "All Salad",
            "productsid": 25,
                    "name": "Lim\u00f3n Tahit\u00ed",
                    "quantity": 3,
            "deliveryDate": "2019-03-01"
                },
                {
				"id": 8,
            "priority": 7,
            "address": "KR 14 # 98 - 74 ",
            "user": "All Salad",
                    "productsid": 26,
                    "name": "Mora de Castilla",
                    "quantity": 2,
            "deliveryDate": "2019-03-01"
                },
                {
				"id": 8,
            "priority": 7,
            "address": "KR 14 # 98 - 74 ",
            "user": "All Salad",
                    "productsid": 22,
                    "name": "Cebolla Larga Junca x 500grs",
                    "quantity": 4,
            "deliveryDate": "2019-03-01"
                },
                {
				"id": 8,
            "priority": 7,
            "address": "KR 14 # 98 - 74 ",
            "user": "All Salad",
                    "productsid": 27,
                    "name": "Piment\u00f3n Verde",
                    "quantity": 1,
            "deliveryDate": "2019-03-01"
                },
                {
				"id": 8,
            "priority": 7,
            "address": "KR 14 # 98 - 74 ",
            "user": "All Salad",
                    "productsid": 5,
                    "name": "Piment\u00f3n Rojo",
                    "quantity": 1,
            "deliveryDate": "2019-03-01"
                
        },
        {
            "id": 9,
            "priority": 1,
            "address": "KR 58 # 93 - 1 ",
            "user": "Parrilla y sabor",
            "productsid": 22,
                    "name": "Cebolla Larga Junca x 500grs",
                    "quantity": 1,
            "deliveryDate": "2019-03-01"
        },
        {
            "id": 15,
            "address": "KR 14 # 87 - 20 ",
            "priority": 9,
            "user": "Sofia",
            "productsid": 28,
                    "name": "Tomate Larga Vida Maduro",
                    "quantity": 1,
            "deliveryDate": "2019-03-01"
        },
        {
            "id": 10,
            "priority": 1,
            "address": "CL 93B # 17 - 12 ",
            "user": "restaurante yerbabuena ",
            "productsid": 7,
                    "name": "Cebolla Cabezona Blanca Limpia",
                    "quantity": 1,
            "deliveryDate": "2019-03-01"
        },
        {
            "id": 11,
            "priority": 10,
            "address": "KR 68D # 98A - 11 ",
            "user": "Luis David",
            "productsid": 41,
                    "name": "Banano",
                    "quantity": 1,
            "deliveryDate": "2019-03-01"
                },
                {
				"id": 11,
            "priority": 10,
            "address": "KR 68D # 98A - 11 ",
            "user": "Luis David",
                    "productsid": 19,
                    "name": "Cebolla Cabezona Blanca Sin Pelar",
                    "quantity": 6,
            "deliveryDate": "2019-03-01"
                },
                {
				"id": 11,
            "priority": 10,
            "address": "KR 68D # 98A - 11 ",
            "user": "Luis David",
                    "productsid": 29,
                    "name": "Cilantro x 500grs",
                    "quantity": 1,
            "deliveryDate": "2019-03-01"
                },
                {
				"id": 11,
            "priority": 10,
            "address": "KR 68D # 98A - 11 ",
            "user": "Luis David",
                    "productsid": 17,
                    "name": "Espinaca Bogotana x 500grs",
                    "quantity": 1,
            "deliveryDate": "2019-03-01"
                },
                {
				"id": 11,
            "priority": 10,
            "address": "KR 68D # 98A - 11 ",
            "user": "Luis David",
                    "productsid": 30,
                    "name": "Fresa Jugo",
                    "quantity": 1,
            "deliveryDate": "2019-03-01"
                
        },
        {
            "id": 12,
            "priority": 2,
            "address": "AC 72 # 20 - 45 ",
            "user": "David Carruyo",
            "productsid": 7,
                    "name": "Cebolla Cabezona Blanca Limpia",
                    "quantity": 1,
            "deliveryDate": "2019-03-01"
                },
                {
				"id": 12,
            "priority": 2,
            "address": "AC 72 # 20 - 45 ",
            "user": "David Carruyo",
                    "productsid": 25,
                    "name": "Lim\u00f3n Tahit\u00ed",
                    "quantity": 2,
            "deliveryDate": "2019-03-01"
                },
                {
				"id": 12,
            "priority": 2,
            "address": "AC 72 # 20 - 45 ",
            "user": "David Carruyo",
                    "productsid": 5,
                    "name": "Piment\u00f3n Rojo",
                    "quantity": 1,
            "deliveryDate": "2019-03-01"
                },
                {
				"id": 12,
            "priority": 2,
            "address": "AC 72 # 20 - 45 ",
            "user": "David Carruyo",
                    "productsid": 31,
                    "name": "Papa R-12 Mediana",
                    "quantity": 25,
            "deliveryDate": "2019-03-01"
        },
        {
            "id": 13,
            "priority": 3,
            "address": "KR 22 # 122 - 57 ",
            "user": "MARIO",
            "productsid": 43,
                    "name": "Banano",
                    "quantity": 1,
            "deliveryDate": "2019-03-01"
                },
                {
				
            "id": 13,
            "priority": 3,
            "address": "KR 22 # 122 - 57 ",
            "user": "MARIO",
                    "productsid": 30,
                    "name": "Fresa Jugo",
                    "quantity": 1,
            "deliveryDate": "2019-03-01"
                },
                {
				
            "id": 13,
            "priority": 3,
            "address": "KR 22 # 122 - 57 ",
            "user": "MARIO",
                    "productsid": 32,
                    "name": "Curuba ",
                    "quantity": 1,
            "deliveryDate": "2019-03-01"
                },
                {
				
            "id": 13,
            "priority": 3,
            "address": "KR 22 # 122 - 57 ",
            "user": "MARIO",
                    "productsid": 33,
                    "name": "Br\u00f3coli",
                    "quantity": 1,
            "deliveryDate": "2019-03-01"
                },
                {
				
            "id": 13,
            "priority": 3,
            "address": "KR 22 # 122 - 57 ",
            "user": "MARIO",
                    "productsid": 28,
                    "name": "Tomate Larga Vida Maduro",
                    "quantity": 2,
            "deliveryDate": "2019-03-01"
        },
        {
            "id": 14,
            "priority": 8,
            "address": "KR 88 # 72A - 26 ",
            "user": "Harold",
            "productsid": 16,
                    "name": "Acelga",
                    "quantity": 3,
            "deliveryDate": "2019-03-01"
                },
                {
				"id": 14,
            "priority": 8,
            "address": "KR 88 # 72A - 26 ",
            "user": "Harold",
                    "productsid": 34,
                    "name": "Aguacate Hass Pint\u00f3n",
                    "quantity": 3,
            "deliveryDate": "2019-03-01"
                },
                {
				"id": 14,
            "priority": 8,
            "address": "KR 88 # 72A - 26 ",
            "user": "Harold",
                    "productsid": 35,
                    "name": "Aguacate Hass Maduro ",
                    "quantity": 3,
            "deliveryDate": "2019-03-01"
                },
                {
				"id": 14,
            "priority": 8,
            "address": "KR 88 # 72A - 26 ",
            "user": "Harold",
                    "productsid": 12,
                    "name": "Aguacate Maduro",
                    "quantity": 1,
            "deliveryDate": "2019-03-01"
                },
                {
				"id": 14,
            "priority": 8,
            "address": "KR 88 # 72A - 26 ",
            "user": "Harold",
                    "productsid": 36,
                    "name": "Aguacate Pint\u00f3n",
                    "quantity": 1,
            "deliveryDate": "2019-03-01"
        }
    ]
}}
