{"directorios": {
    "providers": [
        {
            "id": 1,
            "name": "Ruby",
            "productId": 1
			},
			{
               
			   "id": 1,
            "name": "Ruby",
             "productId": 2
			 },
			 {
                "id": 1,
            "name": "Ruby",
             "productId": 45
			 },
			 {
                "id": 1,
            "name": "Ruby",
                    "productId": 3
					},
				{
                "id": 1,
            "name": "Ruby",
                    "productId": 4
					
                },
				
				{
                "id": 1,
            "name": "Ruby",
                    "productId": 5
                },
				
				{
                "id": 1,
            "name": "Ruby",
                    "productId": 46
                },
				{
                "id": 1,
            "name": "Ruby",
                    "productId": 24
                },
				
				{
                "id": 1,
            "name": "Ruby",
                    "productId": 25
                },
				
				{
                "id": 1,
            "name": "Ruby",
                    "productId": 26
                },
				{
                "id": 1,
            "name": "Ruby",
                    "productId": 27
                
            
        },
        {
            "id": 1,
            "name": "Raul",
            
                    "productId": 28
                },
                {
            "id": 1,
            "name": "Raul",
                    "productId": 47
                },
                
				{
            "id": 1,
            "name": "Raul",
                    "productId": 29
               },
                {
            "id": 1,
            "name": "Raul",
                    "productId": 30
                },
				{
            "id": 1,
            "name": "Raul",
                
                    "productId": 31
                },
                {
            "id": 1,
            "name": "Raul",
                    "productId": 32
                },
                {
            "id": 1,
            "name": "Raul",
                    "productId": 33
                },
                {
            "id": 1,
            "name": "Raul",
                    "productId": 34
                },
                {
            "id": 1,
            "name": "Raul",
                    "productId": 35
                },
                {
            "id": 1,
            "name": "Raul",
                    "productId": 36
                },
                {
            "id": 1,
            "name": "Raul",
                    "productId": 16
                },
                {
            "id": 1,
            "name": "Raul",
                    "productId": 17
            
        },
        {
            "id": 1,
            "name": "Angelica",
            
                
                    "productId": 6
                },
                {
            "id": 1,
            "name": "Angelica",
                    "productId": 7
                },
                {
            "id": 1,
            "name": "Angelica",
                    "productId": 8
                },
                {
            "id": 1,
            "name": "Angelica",
                    "productId": 9
                },
                {
            "id": 1,
            "name": "Angelica",
                    "productId": 10
                },
                {
            "id": 1,
            "name": "Angelica",
                    "productId": 11
                },
                {
            "id": 1,
            "name": "Angelica",
                    "productId": 12
               },
                {
            "id": 1,
            "name": "Angelica",
                    "productId": 13
                },
                {
            "id": 1,
            "name": "Angelica",
                    "productId": 14
                },
                {
            "id": 1,
            "name": "Angelica",
                    "productId": 15
                },
                {
            "id": 1,
            "name": "Angelica",
                    "productId": 18
                },
                {
            "id": 1,
            "name": "Angelica",
                    "productId": 19
                },
                {
            "id": 1,
            "name": "Angelica",
                    "productId": 20
                },
                {
            "id": 1,
            "name": "Angelica",
                    "productId": 21
                },
                {
            "id": 1,
            "name": "Angelica",
                    "productId": 22
                },
                {
            "id": 1,
            "name": "Angelica",
                    "productId": 23
                
            
        }
		
    ]
}}